{
    "fanova": {
        "imp": {
            "LL_dynamic_01_a": 0.5361167939656621,
            "LL_dynamic_01_b": 0.3113731635563637,
            "['LL_dynamic_01_a', 'LL_dynamic_01_b']": 0.1525100424779746
        },
        "order": [
            "LL_dynamic_01_a",
            "LL_dynamic_01_b",
            "['LL_dynamic_01_a', 'LL_dynamic_01_b']"
        ]
    }
}